Student Name,CollegePref1,CollegePref2,CollegePref3
Student_1,Xavier Institute of Technology Visakhapatnam,Birla Institute of Technology Quilon,College of Engineering Lucknow
Student_2,Netaji Subhas Warangal,Mahatma Xavierabad,Netaji Subhas Indore
Student_3,National Institute of Technology Hyderabad,Jawaharlal Nehru Visakhapatnam,Institute of Engineering & Technology Salem
Student_4,Shri Aaravpur,State University of Thrissur,National Institute of Technology Kozhikode
Student_5,Indian Institute of Information Technology Vijayawada,International Tech University Xavierabad,University of Hubballi
Student_6,College of Engineering Trichy,International Tech University Mumbai,Savitribai Phule Ongole
Student_7,Global College of Computing Surat,Netaji Subhas Madurai,Sri Raipur
Student_8,Mahatma Chennai,Institute of Engineering & Technology Pune,International Tech University Hubballi
Student_9,Faculty of Technology Mysuru,Global College of Computing Guwahati,Xavier Institute of Technology Belagavi
Student_10,Sardar Vallabhbhai Xavierabad,Savitribai Phule Trichy,College of Engineering Udaipur
Student_11,Mahatma Xavierabad,National Institute of Technology Varanasi,Xavier Institute of Technology Aaravpur
Student_12,Xavier Institute of Technology Quilon,Shri Aaravpur,Indian Institute of Technology Raipur
Student_13,Institute of Engineering & Technology Quilon,Savitribai Phule Jabalpur,Sri Kozhikode
Student_14,School of Computer Science Vijayawada,University of Dehradun,Mahatma Warangal
Student_15,Dr. Babasaheb Ambedkar Aaravpur,Netaji Subhas Ernakulam,Dr. Babasaheb Ambedkar Patna
Student_16,Jawaharlal Nehru Aaravpur,National Institute of Technology Quilon,University of Kolkata
Student_17,Christ College of Engineering Mysuru,Sardar Vallabhbhai Warangal,Sri Patna
Student_18,College of Engineering Amritsar,Jawaharlal Nehru Thrissur,Global College of Computing Bhopal
Student_19,Global College of Computing Xavierabad,Shri Amritsar,Global College of Computing Jabalpur
Student_20,Birla Institute of Technology Xavierabad,Dr. Babasaheb Ambedkar Xavierabad,Birla Institute of Technology Surat
Student_21,Faculty of Technology Dehradun,Netaji Subhas Pune,School of Computer Science Gurugram
Student_22,Shri Salem,College of Engineering Belagavi,Sri Thiruvananthapuram
Student_23,Indian Institute of Information Technology Ranchi,School of Computer Science Varanasi,Netaji Subhas Indore
Student_24,Netaji Subhas Aaravpur,Indian Institute of Technology Varanasi,Sardar Vallabhbhai Baroda
Student_25,Xavier Institute of Technology Salem,Savitribai Phule Kolkata,College of Engineering Amritsar
Student_26,Indian Institute of Technology Udaipur,School of Computer Science Gwalior,Faculty of Technology Mumbai
Student_27,Shri Madurai,Birla Institute of Technology Trichy,Global College of Computing Mumbai
Student_28,Savitribai Phule Patna,Savitribai Phule Noida,Institute of Engineering & Technology Chennai
Student_29,Birla Institute of Technology Thane,Dr. Babasaheb Ambedkar Belagavi,Xavier Institute of Technology Warangal
Student_30,College of Engineering Amritsar,Dr. Babasaheb Ambedkar Baroda,School of Computer Science Pune
Student_31,Faculty of Technology Faridabad,Savitribai Phule Jaipur,Sardar Vallabhbhai Belagavi
Student_32,Indian Institute of Technology Vijayawada,School of Computer Science Ernakulam,School of Computer Science Ranchi
Student_33,School of Computer Science Belagavi,Netaji Subhas Gurugram,Xavier Institute of Technology Madurai
Student_34,Netaji Subhas Hyderabad,Indian Institute of Information Technology Lucknow,National Institute of Technology Warangal
Student_35,Birla Institute of Technology Dehradun,Birla Institute of Technology Guwahati,Institute of Engineering & Technology Hyderabad
Student_36,Indian Institute of Technology Warangal,School of Computer Science Quilon,School of Computer Science Mysuru
Student_37,University of Gurugram,State University of Hubballi,Shri Raipur
Student_38,Xavier Institute of Technology Kochi,International Tech University Salem,Sardar Vallabhbhai Ernakulam
Student_39,University of Bhopal,Netaji Subhas Chennai,College of Engineering Coimbatore
Student_40,Institute of Engineering & Technology Pune,Savitribai Phule Ernakulam,Sri Gwalior
Student_41,College of Engineering Jabalpur,Faculty of Technology Madurai,Jawaharlal Nehru Surat
Student_42,Sri Kolkata,Netaji Subhas Amritsar,School of Computer Science Gwalior
Student_43,National Institute of Technology Jabalpur,College of Engineering Raipur,College of Engineering Hubballi
Student_44,Shri Kolkata,Birla Institute of Technology Thiruvananthapuram,Netaji Subhas Kolkata
Student_45,Jawaharlal Nehru Chennai,Dr. Babasaheb Ambedkar Baroda,Faculty of Technology Lucknow
Student_46,Institute of Engineering & Technology Dehradun,College of Engineering Guwahati,Netaji Subhas Gurugram
Student_47,Shri Kolkata,Sardar Vallabhbhai Mumbai,Dr. Babasaheb Ambedkar Kochi
Student_48,Sri Thiruvananthapuram,Netaji Subhas Ernakulam,Mahatma Jodhpur
Student_49,School of Computer Science Quilon,Savitribai Phule Raipur,Dr. Babasaheb Ambedkar Zirakpur
Student_50,School of Computer Science Gurugram,Indian Institute of Information Technology Kolkata,Indian Institute of Information Technology Thiruvananthapuram
Student_51,Xavier Institute of Technology Pune,State University of Thane,International Tech University Patna
Student_52,Christ College of Engineering Lucknow,Xavier Institute of Technology Gwalior,Shri Kozhikode
Student_53,Christ College of Engineering Warangal,Indian Institute of Technology Guwahati,Faculty of Technology Thane
Student_54,Jawaharlal Nehru Kochi,University of Vijayawada,Shri Thrissur
Student_55,Mahatma Ongole,Sri Dehradun,School of Computer Science Belagavi
Student_56,Mahatma Aaravpur,Global College of Computing Ongole,School of Computer Science Madurai
Student_57,Indian Institute of Information Technology Nagpur,Institute of Engineering & Technology Jabalpur,University of Ongole
Student_58,Jawaharlal Nehru Lucknow,Sri Madurai,Sri Warangal
Student_59,School of Computer Science Thrissur,Birla Institute of Technology Gurugram,University of Hubballi
Student_60,National Institute of Technology Udaipur,Savitribai Phule Bengaluru,Netaji Subhas Pune
Student_61,Sardar Vallabhbhai Hyderabad,College of Engineering Mumbai,National Institute of Technology Zirakpur
Student_62,International Tech University Jabalpur,Christ College of Engineering Quilon,Savitribai Phule Jaipur
Student_63,School of Computer Science Zirakpur,College of Engineering Gurugram,State University of Jabalpur
Student_64,Jawaharlal Nehru Ongole,Faculty of Technology Thiruvananthapuram,National Institute of Technology Indore
Student_65,Dr. Babasaheb Ambedkar Mysuru,Birla Institute of Technology Salem,Faculty of Technology Kozhikode
Student_66,Global College of Computing Zirakpur,Institute of Engineering & Technology Trichy,College of Engineering Salem
Student_67,Faculty of Technology Visakhapatnam,Global College of Computing Noida,University of Dehradun
Student_68,Xavier Institute of Technology Gwalior,Savitribai Phule Gurugram,Dr. Babasaheb Ambedkar Bhopal
Student_69,Mahatma Chandipur,International Tech University Kochi,School of Computer Science Bengaluru
Student_70,Faculty of Technology Thrissur,Savitribai Phule Madurai,Shri Lucknow
Student_71,Indian Institute of Information Technology Pune,Birla Institute of Technology Gwalior,Xavier Institute of Technology Dehradun
Student_72,Jawaharlal Nehru Jodhpur,University of Thrissur,Sardar Vallabhbhai Surat
Student_73,University of Mumbai,Jawaharlal Nehru Noida,Christ College of Engineering Udaipur
Student_74,Global College of Computing Mumbai,Global College of Computing Jodhpur,Netaji Subhas Madurai
Student_75,Dr. Babasaheb Ambedkar Quilon,Faculty of Technology Thrissur,National Institute of Technology Jodhpur
Student_76,Shri Jabalpur,College of Engineering Jaipur,Netaji Subhas Ranchi
Student_77,Indian Institute of Technology Jabalpur,Institute of Engineering & Technology Trichy,Global College of Computing Ongole
Student_78,Dr. Babasaheb Ambedkar Trichy,Netaji Subhas Thane,Xavier Institute of Technology Ernakulam
Student_79,Christ College of Engineering Indore,University of Belagavi,Faculty of Technology Dehradun
Student_80,Faculty of Technology Mumbai,Netaji Subhas Kochi,International Tech University Gwalior
Student_81,State University of Xavierabad,Birla Institute of Technology Noida,Christ College of Engineering Warangal
Student_82,Birla Institute of Technology Noida,State University of Thiruvananthapuram,Savitribai Phule Raipur
Student_83,Birla Institute of Technology Yamunanagar,National Institute of Technology Pune,Indian Institute of Technology Jodhpur
Student_84,International Tech University Yamunanagar,International Tech University Madurai,State University of Mysuru
Student_85,Jawaharlal Nehru Faridabad,Indian Institute of Technology Mysuru,School of Computer Science Thiruvananthapuram
Student_86,Sri Baroda,Birla Institute of Technology Udaipur,National Institute of Technology Vijayawada
Student_87,Jawaharlal Nehru Lucknow,Xavier Institute of Technology Bhopal,Shri Belagavi
Student_88,Indian Institute of Technology Noida,Dr. Babasaheb Ambedkar Ranchi,Mahatma Thiruvananthapuram
Student_89,College of Engineering Zirakpur,Institute of Engineering & Technology Amritsar,School of Computer Science Xavierabad
Student_90,Mahatma Jaipur,International Tech University Yamunanagar,Dr. Babasaheb Ambedkar Xavierabad
Student_91,Shri Ernakulam,Jawaharlal Nehru Jaipur,Netaji Subhas Hubballi
Student_92,Mahatma Faridabad,University of Salem,Savitribai Phule Lucknow
Student_93,Dr. Babasaheb Ambedkar Ongole,Shri Udaipur,University of Indore
Student_94,Savitribai Phule Ongole,Faculty of Technology Ongole,Christ College of Engineering Aaravpur
Student_95,Xavier Institute of Technology Coimbatore,College of Engineering Ranchi,State University of Thiruvananthapuram
Student_96,Faculty of Technology Vijayawada,Indian Institute of Technology Hubballi,Netaji Subhas Raipur
Student_97,Christ College of Engineering Jodhpur,School of Computer Science Thrissur,Jawaharlal Nehru Warangal
Student_98,University of Madurai,Birla Institute of Technology Thane,College of Engineering Quilon
Student_99,Birla Institute of Technology Pune,Christ College of Engineering Aaravpur,Global College of Computing Thrissur
Student_100,Indian Institute of Technology Hyderabad,State University of Nagpur,Global College of Computing Thane
Student_101,International Tech University Amritsar,Global College of Computing Gurugram,School of Computer Science Nagpur
Student_102,Indian Institute of Information Technology Pune,Netaji Subhas Udaipur,Christ College of Engineering Belagavi
Student_103,College of Engineering Raipur,Christ College of Engineering Bhopal,Shri Aaravpur
Student_104,Global College of Computing Gurugram,Jawaharlal Nehru Pune,Sardar Vallabhbhai Gurugram
Student_105,Jawaharlal Nehru Baroda,Sri Chandipur,Faculty of Technology Chennai
Student_106,Sardar Vallabhbhai Lucknow,Sardar Vallabhbhai Kozhikode,School of Computer Science Thane
Student_107,University of Dehradun,Dr. Babasaheb Ambedkar Chennai,University of Faridabad
Student_108,Savitribai Phule Vijayawada,Global College of Computing Guwahati,National Institute of Technology Jabalpur
Student_109,Faculty of Technology Mysuru,National Institute of Technology Madurai,Global College of Computing Udaipur
Student_110,Global College of Computing Jodhpur,Jawaharlal Nehru Ernakulam,Jawaharlal Nehru Hubballi
Student_111,School of Computer Science Indore,Savitribai Phule Thiruvananthapuram,Indian Institute of Technology Belagavi
Student_112,College of Engineering Gurugram,Global College of Computing Xavierabad,Shri Guwahati
Student_113,Global College of Computing Yamunanagar,School of Computer Science Kolkata,Jawaharlal Nehru Bengaluru
Student_114,International Tech University Vijayawada,Dr. Babasaheb Ambedkar Raipur,School of Computer Science Surat
Student_115,Indian Institute of Technology Salem,Faculty of Technology Dehradun,International Tech University Patna
Student_116,Sri Belagavi,Jawaharlal Nehru Baroda,Netaji Subhas Ongole
Student_117,University of Vijayawada,International Tech University Jaipur,Christ College of Engineering Jabalpur
Student_118,Indian Institute of Information Technology Aaravpur,National Institute of Technology Jaipur,Birla Institute of Technology Yamunanagar
Student_119,Netaji Subhas Salem,Shri Aaravpur,Indian Institute of Technology Coimbatore
Student_120,Dr. Babasaheb Ambedkar Aaravpur,State University of Bengaluru,Savitribai Phule Hubballi
Student_121,College of Engineering Faridabad,Indian Institute of Information Technology Mumbai,State University of Indore
Student_122,International Tech University Belagavi,Birla Institute of Technology Trichy,Sri Chandipur
Student_123,Mahatma Varanasi,University of Bengaluru,College of Engineering Surat
Student_124,Christ College of Engineering Belagavi,Global College of Computing Visakhapatnam,Institute of Engineering & Technology Jaipur
Student_125,Global College of Computing Warangal,University of Mumbai,Christ College of Engineering Udaipur
Student_126,Netaji Subhas Ranchi,Christ College of Engineering Trichy,Dr. Babasaheb Ambedkar Thane
Student_127,Christ College of Engineering Vijayawada,Netaji Subhas Hyderabad,School of Computer Science Thiruvananthapuram
Student_128,Institute of Engineering & Technology Mysuru,Indian Institute of Information Technology Faridabad,Netaji Subhas Quilon
Student_129,Mahatma Coimbatore,Global College of Computing Udaipur,Global College of Computing Kolkata
Student_130,Indian Institute of Information Technology Jodhpur,Sardar Vallabhbhai Jodhpur,School of Computer Science Ernakulam
Student_131,Dr. Babasaheb Ambedkar Bengaluru,Shri Kochi,Indian Institute of Technology Thiruvananthapuram
Student_132,Faculty of Technology Quilon,Indian Institute of Information Technology Hyderabad,State University of Chandipur
Student_133,Global College of Computing Jaipur,Sardar Vallabhbhai Mumbai,Xavier Institute of Technology Guwahati
Student_134,Faculty of Technology Udaipur,Shri Chandipur,Institute of Engineering & Technology Coimbatore
Student_135,National Institute of Technology Faridabad,Sri Thane,Savitribai Phule Bengaluru
Student_136,Institute of Engineering & Technology Coimbatore,Indian Institute of Information Technology Dehradun,College of Engineering Thane
Student_137,Indian Institute of Technology Madurai,Dr. Babasaheb Ambedkar Baroda,Sardar Vallabhbhai Bhopal
Student_138,Dr. Babasaheb Ambedkar Yamunanagar,School of Computer Science Raipur,Institute of Engineering & Technology Mumbai
Student_139,National Institute of Technology Guwahati,Faculty of Technology Patna,Christ College of Engineering Jodhpur
Student_140,Savitribai Phule Noida,Birla Institute of Technology Mysuru,Sri Thrissur
Student_141,Netaji Subhas Kozhikode,Savitribai Phule Raipur,Indian Institute of Technology Thane
Student_142,University of Aaravpur,Sri Hyderabad,Global College of Computing Ongole
Student_143,Sri Thrissur,International Tech University Aaravpur,Mahatma Thane
Student_144,School of Computer Science Udaipur,Sardar Vallabhbhai Madurai,State University of Varanasi
Student_145,Indian Institute of Information Technology Thane,College of Engineering Amritsar,Mahatma Aaravpur
Student_146,Mahatma Warangal,Sri Belagavi,State University of Quilon
Student_147,Faculty of Technology Yamunanagar,Sri Chandipur,Dr. Babasaheb Ambedkar Jodhpur
Student_148,College of Engineering Ernakulam,Global College of Computing Noida,Dr. Babasaheb Ambedkar Visakhapatnam
Student_149,Indian Institute of Technology Thane,Jawaharlal Nehru Kolkata,Faculty of Technology Dehradun
Student_150,Mahatma Amritsar,National Institute of Technology Nagpur,Faculty of Technology Udaipur
Student_151,College of Engineering Raipur,Savitribai Phule Thane,Faculty of Technology Varanasi
Student_152,National Institute of Technology Varanasi,Indian Institute of Technology Xavierabad,College of Engineering Zirakpur
Student_153,University of Nagpur,Global College of Computing Warangal,School of Computer Science Madurai
Student_154,College of Engineering Hyderabad,College of Engineering Surat,Shri Jabalpur
Student_155,Global College of Computing Baroda,Dr. Babasaheb Ambedkar Thrissur,Birla Institute of Technology Ranchi
Student_156,Xavier Institute of Technology Amritsar,National Institute of Technology Coimbatore,Institute of Engineering & Technology Guwahati
Student_157,Jawaharlal Nehru Jaipur,International Tech University Chennai,Netaji Subhas Mysuru
Student_158,School of Computer Science Thiruvananthapuram,Sardar Vallabhbhai Bhopal,College of Engineering Quilon
Student_159,Global College of Computing Quilon,Netaji Subhas Quilon,School of Computer Science Ranchi
Student_160,Sardar Vallabhbhai Varanasi,Sardar Vallabhbhai Guwahati,Dr. Babasaheb Ambedkar Varanasi
Student_161,State University of Ernakulam,College of Engineering Pune,Birla Institute of Technology Thiruvananthapuram
Student_162,Netaji Subhas Thane,International Tech University Thiruvananthapuram,Sri Visakhapatnam
Student_163,International Tech University Belagavi,Xavier Institute of Technology Thrissur,Dr. Babasaheb Ambedkar Lucknow
Student_164,Faculty of Technology Xavierabad,Netaji Subhas Aaravpur,Global College of Computing Faridabad
Student_165,Mahatma Patna,International Tech University Varanasi,State University of Pune
Student_166,Netaji Subhas Thiruvananthapuram,Birla Institute of Technology Pune,Netaji Subhas Varanasi
Student_167,Jawaharlal Nehru Ernakulam,Indian Institute of Technology Faridabad,Jawaharlal Nehru Kozhikode
Student_168,Sardar Vallabhbhai Dehradun,Institute of Engineering & Technology Thiruvananthapuram,National Institute of Technology Raipur
Student_169,Sardar Vallabhbhai Belagavi,Xavier Institute of Technology Hyderabad,Savitribai Phule Dehradun
Student_170,College of Engineering Raipur,College of Engineering Warangal,Shri Gwalior
Student_171,Sardar Vallabhbhai Ongole,College of Engineering Varanasi,Netaji Subhas Gwalior
Student_172,Xavier Institute of Technology Faridabad,Shri Pune,Sri Faridabad
Student_173,Savitribai Phule Thrissur,Faculty of Technology Aaravpur,Dr. Babasaheb Ambedkar Belagavi
Student_174,Netaji Subhas Patna,Sri Ernakulam,Global College of Computing Gwalior
Student_175,Indian Institute of Technology Dehradun,Indian Institute of Information Technology Visakhapatnam,Netaji Subhas Gurugram
Student_176,State University of Thane,Netaji Subhas Nagpur,State University of Ongole
Student_177,Indian Institute of Technology Yamunanagar,College of Engineering Zirakpur,Xavier Institute of Technology Chennai
Student_178,Shri Ranchi,Sardar Vallabhbhai Raipur,Savitribai Phule Pune
Student_179,Birla Institute of Technology Mysuru,Shri Jodhpur,Faculty of Technology Thiruvananthapuram
Student_180,School of Computer Science Mumbai,Indian Institute of Information Technology Indore,State University of Chandipur
Student_181,Dr. Babasaheb Ambedkar Surat,Birla Institute of Technology Coimbatore,National Institute of Technology Varanasi
Student_182,University of Gwalior,Indian Institute of Technology Trichy,Global College of Computing Gurugram
Student_183,Savitribai Phule Kolkata,Sri Kozhikode,Birla Institute of Technology Ongole
Student_184,International Tech University Faridabad,Dr. Babasaheb Ambedkar Yamunanagar,Indian Institute of Technology Ranchi
Student_185,Sri Chandipur,Birla Institute of Technology Baroda,Institute of Engineering & Technology Aaravpur
Student_186,Indian Institute of Technology Coimbatore,Savitribai Phule Bengaluru,Christ College of Engineering Faridabad
Student_187,National Institute of Technology Baroda,Xavier Institute of Technology Gwalior,Sri Surat
Student_188,College of Engineering Surat,Faculty of Technology Zirakpur,Mahatma Ranchi
Student_189,Faculty of Technology Dehradun,School of Computer Science Mysuru,International Tech University Chennai
Student_190,Shri Chandipur,University of Coimbatore,Xavier Institute of Technology Kolkata
Student_191,Global College of Computing Dehradun,Savitribai Phule Jabalpur,International Tech University Gwalior
Student_192,Xavier Institute of Technology Aaravpur,Netaji Subhas Lucknow,Global College of Computing Guwahati
Student_193,School of Computer Science Belagavi,Savitribai Phule Xavierabad,Sri Indore
Student_194,Sri Hubballi,Mahatma Surat,Jawaharlal Nehru Hubballi
Student_195,Xavier Institute of Technology Mumbai,Xavier Institute of Technology Ongole,University of Varanasi
Student_196,Jawaharlal Nehru Hyderabad,Dr. Babasaheb Ambedkar Yamunanagar,Netaji Subhas Hubballi
Student_197,Sardar Vallabhbhai Bhopal,Birla Institute of Technology Jabalpur,Faculty of Technology Lucknow
Student_198,Indian Institute of Technology Aaravpur,Netaji Subhas Pune,Global College of Computing Dehradun
Student_199,International Tech University Jabalpur,Birla Institute of Technology Amritsar,Xavier Institute of Technology Lucknow
Student_200,University of Raipur,Jawaharlal Nehru Chandipur,School of Computer Science Visakhapatnam
Student_201,Faculty of Technology Faridabad,Faculty of Technology Patna,College of Engineering Nagpur
Student_202,Faculty of Technology Gwalior,Christ College of Engineering Ernakulam,Birla Institute of Technology Surat
Student_203,School of Computer Science Surat,National Institute of Technology Chennai,Dr. Babasaheb Ambedkar Aaravpur
Student_204,Sardar Vallabhbhai Xavierabad,Dr. Babasaheb Ambedkar Ernakulam,Savitribai Phule Pune
Student_205,Sardar Vallabhbhai Zirakpur,Christ College of Engineering Thiruvananthapuram,Sardar Vallabhbhai Kozhikode
Student_206,Netaji Subhas Ongole,National Institute of Technology Thane,Institute of Engineering & Technology Raipur
Student_207,Jawaharlal Nehru Patna,Dr. Babasaheb Ambedkar Hubballi,Mahatma Hyderabad
Student_208,Netaji Subhas Thrissur,Christ College of Engineering Zirakpur,School of Computer Science Chennai
Student_209,Mahatma Guwahati,Global College of Computing Kochi,Mahatma Ranchi
Student_210,Birla Institute of Technology Lucknow,Sri Thiruvananthapuram,Netaji Subhas Visakhapatnam
Student_211,Sardar Vallabhbhai Thiruvananthapuram,National Institute of Technology Yamunanagar,Dr. Babasaheb Ambedkar Vijayawada
Student_212,Dr. Babasaheb Ambedkar Bengaluru,International Tech University Vijayawada,College of Engineering Belagavi
Student_213,Christ College of Engineering Aaravpur,Shri Varanasi,Indian Institute of Technology Quilon
Student_214,Sri Thiruvananthapuram,School of Computer Science Surat,Sardar Vallabhbhai Ernakulam
Student_215,Global College of Computing Visakhapatnam,Sri Bhopal,Jawaharlal Nehru Kochi
Student_216,Sri Guwahati,Birla Institute of Technology Nagpur,Sri Ernakulam
Student_217,Savitribai Phule Salem,Christ College of Engineering Aaravpur,Shri Varanasi
Student_218,International Tech University Chandipur,Faculty of Technology Ongole,Global College of Computing Salem
Student_219,Birla Institute of Technology Lucknow,Christ College of Engineering Patna,Christ College of Engineering Belagavi
Student_220,Xavier Institute of Technology Chennai,Mahatma Xavierabad,Jawaharlal Nehru Thrissur
Student_221,Faculty of Technology Faridabad,Dr. Babasaheb Ambedkar Raipur,Indian Institute of Technology Vijayawada
Student_222,International Tech University Hubballi,Dr. Babasaheb Ambedkar Aaravpur,National Institute of Technology Baroda
Student_223,Birla Institute of Technology Jaipur,National Institute of Technology Kozhikode,National Institute of Technology Varanasi
Student_224,Indian Institute of Information Technology Warangal,Sri Amritsar,Global College of Computing Thiruvananthapuram
Student_225,Indian Institute of Technology Mysuru,School of Computer Science Jaipur,Sardar Vallabhbhai Mumbai
Student_226,College of Engineering Thane,School of Computer Science Bengaluru,Institute of Engineering & Technology Mumbai
Student_227,Xavier Institute of Technology Surat,Jawaharlal Nehru Amritsar,Faculty of Technology Thiruvananthapuram
Student_228,State University of Visakhapatnam,University of Noida,National Institute of Technology Kochi
Student_229,University of Thane,International Tech University Raipur,Institute of Engineering & Technology Gurugram
Student_230,Savitribai Phule Guwahati,Mahatma Lucknow,International Tech University Faridabad
Student_231,Netaji Subhas Jaipur,National Institute of Technology Thiruvananthapuram,National Institute of Technology Varanasi
Student_232,Institute of Engineering & Technology Chennai,Birla Institute of Technology Varanasi,Faculty of Technology Kozhikode
Student_233,Christ College of Engineering Zirakpur,International Tech University Lucknow,University of Thiruvananthapuram
Student_234,Faculty of Technology Thane,Faculty of Technology Ongole,Shri Baroda
Student_235,Indian Institute of Information Technology Visakhapatnam,Sri Chandipur,Indian Institute of Technology Amritsar
Student_236,School of Computer Science Nagpur,Shri Vijayawada,Institute of Engineering & Technology Gwalior
Student_237,Institute of Engineering & Technology Patna,State University of Trichy,State University of Raipur
Student_238,National Institute of Technology Jodhpur,Faculty of Technology Visakhapatnam,School of Computer Science Thane
Student_239,Birla Institute of Technology Kozhikode,Faculty of Technology Udaipur,Birla Institute of Technology Faridabad
Student_240,Indian Institute of Technology Zirakpur,Christ College of Engineering Baroda,College of Engineering Ongole
Student_241,Jawaharlal Nehru Dehradun,Christ College of Engineering Xavierabad,University of Xavierabad
Student_242,Birla Institute of Technology Zirakpur,Sardar Vallabhbhai Vijayawada,National Institute of Technology Bhopal
Student_243,Faculty of Technology Mysuru,Jawaharlal Nehru Jodhpur,State University of Xavierabad
Student_244,University of Udaipur,State University of Chandipur,Sri Madurai
Student_245,College of Engineering Trichy,Sri Dehradun,Birla Institute of Technology Ranchi
Student_246,State University of Madurai,Faculty of Technology Bengaluru,Netaji Subhas Ernakulam
Student_247,International Tech University Kozhikode,Sardar Vallabhbhai Varanasi,Indian Institute of Technology Thane
Student_248,Xavier Institute of Technology Madurai,College of Engineering Belagavi,College of Engineering Salem
Student_249,Indian Institute of Technology Thrissur,Christ College of Engineering Mumbai,State University of Jaipur
Student_250,National Institute of Technology Nagpur,Savitribai Phule Kochi,Jawaharlal Nehru Noida
Student_251,School of Computer Science Guwahati,Netaji Subhas Mumbai,Xavier Institute of Technology Mumbai
Student_252,Sardar Vallabhbhai Pune,Faculty of Technology Noida,Indian Institute of Technology Thrissur
Student_253,Netaji Subhas Trichy,Indian Institute of Technology Kochi,State University of Baroda
Student_254,University of Yamunanagar,School of Computer Science Kochi,Netaji Subhas Thane
Student_255,National Institute of Technology Mysuru,Xavier Institute of Technology Raipur,Global College of Computing Varanasi
Student_256,Institute of Engineering & Technology Hyderabad,Netaji Subhas Mysuru,Faculty of Technology Mysuru
Student_257,Sri Zirakpur,College of Engineering Trichy,Faculty of Technology Kochi
Student_258,Indian Institute of Information Technology Gwalior,Savitribai Phule Amritsar,National Institute of Technology Jodhpur
Student_259,Jawaharlal Nehru Jabalpur,Faculty of Technology Vijayawada,Indian Institute of Information Technology Belagavi
Student_260,International Tech University Thrissur,Global College of Computing Faridabad,Institute of Engineering & Technology Mumbai
Student_261,College of Engineering Nagpur,University of Ernakulam,Netaji Subhas Warangal
Student_262,State University of Jaipur,School of Computer Science Bhopal,Birla Institute of Technology Thane
Student_263,School of Computer Science Hubballi,Shri Chennai,Dr. Babasaheb Ambedkar Varanasi
Student_264,University of Thane,Xavier Institute of Technology Amritsar,Shri Pune
Student_265,Indian Institute of Technology Bengaluru,International Tech University Thrissur,International Tech University Zirakpur
Student_266,College of Engineering Zirakpur,Sri Bhopal,Global College of Computing Aaravpur
Student_267,Sri Mumbai,Faculty of Technology Ernakulam,University of Hubballi
Student_268,Faculty of Technology Bengaluru,Savitribai Phule Hubballi,University of Thane
Student_269,School of Computer Science Madurai,Indian Institute of Technology Aaravpur,Christ College of Engineering Mysuru
Student_270,Savitribai Phule Raipur,Faculty of Technology Surat,Netaji Subhas Warangal
Student_271,Shri Udaipur,Indian Institute of Technology Lucknow,Institute of Engineering & Technology Thiruvananthapuram
Student_272,State University of Varanasi,Jawaharlal Nehru Gurugram,Faculty of Technology Zirakpur
Student_273,Dr. Babasaheb Ambedkar Chandipur,Indian Institute of Technology Varanasi,University of Jabalpur
Student_274,Shri Baroda,Sardar Vallabhbhai Thrissur,National Institute of Technology Guwahati
Student_275,International Tech University Quilon,Birla Institute of Technology Warangal,Institute of Engineering & Technology Varanasi
Student_276,Indian Institute of Information Technology Gwalior,Sardar Vallabhbhai Pune,Dr. Babasaheb Ambedkar Gurugram
Student_277,Institute of Engineering & Technology Guwahati,Sardar Vallabhbhai Patna,State University of Guwahati
Student_278,Xavier Institute of Technology Lucknow,Institute of Engineering & Technology Ernakulam,Institute of Engineering & Technology Raipur
Student_279,Indian Institute of Information Technology Surat,Birla Institute of Technology Kolkata,Christ College of Engineering Raipur
Student_280,Institute of Engineering & Technology Bengaluru,University of Madurai,Birla Institute of Technology Chandipur
Student_281,Sardar Vallabhbhai Dehradun,Xavier Institute of Technology Kozhikode,International Tech University Udaipur
Student_282,Indian Institute of Information Technology Thiruvananthapuram,National Institute of Technology Jodhpur,Savitribai Phule Noida
Student_283,Shri Gurugram,Christ College of Engineering Quilon,Shri Pune
Student_284,State University of Nagpur,State University of Hubballi,Indian Institute of Technology Udaipur
Student_285,Global College of Computing Udaipur,International Tech University Trichy,Birla Institute of Technology Gurugram
Student_286,Netaji Subhas Coimbatore,University of Aaravpur,Shri Bengaluru
Student_287,Faculty of Technology Quilon,Shri Surat,University of Thrissur
Student_288,Sardar Vallabhbhai Faridabad,International Tech University Ernakulam,National Institute of Technology Quilon
Student_289,Global College of Computing Pune,Global College of Computing Noida,Xavier Institute of Technology Varanasi
Student_290,Sardar Vallabhbhai Quilon,Sardar Vallabhbhai Warangal,Institute of Engineering & Technology Faridabad
Student_291,Indian Institute of Information Technology Visakhapatnam,National Institute of Technology Yamunanagar,Netaji Subhas Nagpur
Student_292,National Institute of Technology Jabalpur,Xavier Institute of Technology Pune,Indian Institute of Technology Chandipur
Student_293,Mahatma Dehradun,International Tech University Pune,College of Engineering Mysuru
Student_294,National Institute of Technology Mumbai,Indian Institute of Information Technology Noida,Xavier Institute of Technology Guwahati
Student_295,Xavier Institute of Technology Madurai,School of Computer Science Warangal,Savitribai Phule Aaravpur
Student_296,Indian Institute of Information Technology Bengaluru,Savitribai Phule Xavierabad,International Tech University Ernakulam
Student_297,Savitribai Phule Kolkata,Jawaharlal Nehru Lucknow,National Institute of Technology Raipur
Student_298,Sardar Vallabhbhai Faridabad,University of Guwahati,International Tech University Gurugram
Student_299,Birla Institute of Technology Kochi,Faculty of Technology Chandipur,Institute of Engineering & Technology Noida
Student_300,Savitribai Phule Gurugram,Xavier Institute of Technology Hyderabad,Institute of Engineering & Technology Hubballi
Student_301,Jawaharlal Nehru Trichy,Birla Institute of Technology Warangal,Sardar Vallabhbhai Surat
Student_302,Sri Aaravpur,Netaji Subhas Ongole,Christ College of Engineering Gwalior
Student_303,Dr. Babasaheb Ambedkar Patna,Sri Jaipur,School of Computer Science Guwahati
Student_304,Netaji Subhas Aaravpur,Netaji Subhas Hubballi,Netaji Subhas Belagavi
Student_305,Netaji Subhas Bengaluru,Institute of Engineering & Technology Gwalior,Indian Institute of Technology Amritsar
Student_306,National Institute of Technology Lucknow,Dr. Babasaheb Ambedkar Amritsar,Faculty of Technology Baroda
Student_307,Netaji Subhas Thiruvananthapuram,Savitribai Phule Belagavi,Sri Aaravpur
Student_308,National Institute of Technology Salem,Birla Institute of Technology Faridabad,Netaji Subhas Lucknow
Student_309,Netaji Subhas Jaipur,Xavier Institute of Technology Ranchi,International Tech University Aaravpur
Student_310,Sri Gurugram,National Institute of Technology Chennai,Jawaharlal Nehru Chennai
Student_311,Mahatma Pune,Sardar Vallabhbhai Kozhikode,International Tech University Madurai
Student_312,Xavier Institute of Technology Quilon,Sri Belagavi,Xavier Institute of Technology Gwalior
Student_313,Xavier Institute of Technology Vijayawada,Birla Institute of Technology Dehradun,Netaji Subhas Baroda
Student_314,Faculty of Technology Madurai,College of Engineering Belagavi,Xavier Institute of Technology Hyderabad
Student_315,Jawaharlal Nehru Thrissur,Indian Institute of Information Technology Indore,School of Computer Science Aaravpur
Student_316,College of Engineering Gwalior,Savitribai Phule Faridabad,Sardar Vallabhbhai Belagavi
Student_317,Sri Surat,Mahatma Baroda,Birla Institute of Technology Indore
Student_318,Global College of Computing Trichy,Global College of Computing Mysuru,Indian Institute of Technology Varanasi
Student_319,Indian Institute of Technology Hubballi,Institute of Engineering & Technology Indore,International Tech University Vijayawada
Student_320,Indian Institute of Information Technology Amritsar,Xavier Institute of Technology Quilon,International Tech University Jabalpur
Student_321,Indian Institute of Information Technology Thrissur,State University of Thrissur,University of Noida
Student_322,Jawaharlal Nehru Mysuru,Jawaharlal Nehru Nagpur,College of Engineering Chennai
Student_323,School of Computer Science Visakhapatnam,Sardar Vallabhbhai Bhopal,Xavier Institute of Technology Ernakulam
Student_324,Xavier Institute of Technology Thiruvananthapuram,Global College of Computing Jaipur,Indian Institute of Technology Jodhpur
Student_325,Sri Salem,Sardar Vallabhbhai Madurai,Indian Institute of Technology Ranchi
Student_326,Netaji Subhas Lucknow,Sardar Vallabhbhai Nagpur,Global College of Computing Baroda
Student_327,School of Computer Science Dehradun,Sri Madurai,College of Engineering Kozhikode
Student_328,Indian Institute of Technology Visakhapatnam,Sri Dehradun,Sri Jodhpur
Student_329,Mahatma Indore,Mahatma Jodhpur,Jawaharlal Nehru Mumbai
Student_330,Jawaharlal Nehru Chennai,Global College of Computing Salem,Jawaharlal Nehru Aaravpur
Student_331,Netaji Subhas Gwalior,Global College of Computing Faridabad,Indian Institute of Technology Vijayawada
Student_332,Global College of Computing Jaipur,National Institute of Technology Warangal,School of Computer Science Hubballi
Student_333,Faculty of Technology Jaipur,State University of Xavierabad,Christ College of Engineering Hubballi
Student_334,Faculty of Technology Noida,Sri Ranchi,Faculty of Technology Quilon
Student_335,Mahatma Salem,Indian Institute of Information Technology Jabalpur,Faculty of Technology Xavierabad
Student_336,Mahatma Kolkata,Birla Institute of Technology Belagavi,Sri Baroda
Student_337,State University of Hyderabad,Netaji Subhas Jabalpur,Sri Kochi
Student_338,School of Computer Science Surat,Global College of Computing Bengaluru,Faculty of Technology Xavierabad
Student_339,Sri Ernakulam,Xavier Institute of Technology Hyderabad,International Tech University Kozhikode
Student_340,Shri Belagavi,State University of Guwahati,Netaji Subhas Faridabad
Student_341,University of Madurai,Faculty of Technology Xavierabad,Faculty of Technology Chennai
Student_342,Mahatma Chandipur,Birla Institute of Technology Indore,Jawaharlal Nehru Bengaluru
Student_343,Christ College of Engineering Noida,Christ College of Engineering Bengaluru,Sri Ongole
Student_344,State University of Trichy,Birla Institute of Technology Kozhikode,College of Engineering Salem
Student_345,Faculty of Technology Coimbatore,Faculty of Technology Kochi,Dr. Babasaheb Ambedkar Vijayawada
Student_346,Global College of Computing Raipur,University of Belagavi,Sardar Vallabhbhai Chennai
Student_347,Sardar Vallabhbhai Kochi,Jawaharlal Nehru Surat,Shri Coimbatore
Student_348,Xavier Institute of Technology Thane,Mahatma Yamunanagar,Jawaharlal Nehru Kozhikode
Student_349,International Tech University Warangal,Faculty of Technology Hubballi,Netaji Subhas Belagavi
Student_350,University of Thiruvananthapuram,Shri Faridabad,Savitribai Phule Madurai
Student_351,University of Thiruvananthapuram,State University of Patna,Birla Institute of Technology Amritsar
Student_352,Netaji Subhas Noida,Mahatma Gurugram,College of Engineering Xavierabad
Student_353,Institute of Engineering & Technology Gurugram,Sri Jaipur,Indian Institute of Information Technology Mysuru
Student_354,State University of Belagavi,University of Jabalpur,Sardar Vallabhbhai Surat
Student_355,Xavier Institute of Technology Surat,Indian Institute of Information Technology Warangal,Birla Institute of Technology Belagavi
Student_356,Indian Institute of Information Technology Amritsar,College of Engineering Aaravpur,University of Thrissur
Student_357,Mahatma Gwalior,Global College of Computing Patna,Global College of Computing Kochi
Student_358,Birla Institute of Technology Chennai,Sardar Vallabhbhai Visakhapatnam,Shri Chandipur
Student_359,Faculty of Technology Chandipur,Christ College of Engineering Mysuru,University of Quilon
Student_360,Mahatma Surat,State University of Thrissur,Mahatma Warangal
Student_361,State University of Thiruvananthapuram,Jawaharlal Nehru Xavierabad,University of Surat
Student_362,Faculty of Technology Aaravpur,Dr. Babasaheb Ambedkar Bhopal,Dr. Babasaheb Ambedkar Kochi
Student_363,College of Engineering Varanasi,Global College of Computing Amritsar,Sri Coimbatore
Student_364,National Institute of Technology Thane,Jawaharlal Nehru Faridabad,Sardar Vallabhbhai Mysuru
Student_365,Netaji Subhas Mysuru,Netaji Subhas Gwalior,National Institute of Technology Gwalior
Student_366,Faculty of Technology Trichy,Xavier Institute of Technology Amritsar,Christ College of Engineering Jaipur
Student_367,Dr. Babasaheb Ambedkar Jaipur,State University of Warangal,Indian Institute of Technology Aaravpur
Student_368,Indian Institute of Information Technology Baroda,Indian Institute of Information Technology Jabalpur,Sardar Vallabhbhai Surat
Student_369,School of Computer Science Guwahati,State University of Amritsar,Sri Jodhpur
Student_370,College of Engineering Jaipur,Institute of Engineering & Technology Jabalpur,National Institute of Technology Thane
Student_371,Sri Visakhapatnam,Sri Ernakulam,College of Engineering Surat
Student_372,College of Engineering Jabalpur,Netaji Subhas Madurai,Jawaharlal Nehru Kochi
Student_373,Netaji Subhas Amritsar,Indian Institute of Technology Baroda,International Tech University Raipur
Student_374,Sri Chennai,University of Gurugram,Savitribai Phule Warangal
Student_375,Mahatma Chandipur,Sardar Vallabhbhai Thiruvananthapuram,State University of Amritsar
Student_376,Birla Institute of Technology Patna,University of Kozhikode,Sri Vijayawada
Student_377,University of Kozhikode,State University of Warangal,Indian Institute of Technology Jaipur
Student_378,Birla Institute of Technology Vijayawada,Jawaharlal Nehru Ongole,University of Hubballi
Student_379,National Institute of Technology Jaipur,Xavier Institute of Technology Hyderabad,Indian Institute of Information Technology Coimbatore
Student_380,College of Engineering Gwalior,Jawaharlal Nehru Surat,National Institute of Technology Bhopal
Student_381,Shri Ongole,School of Computer Science Dehradun,Shri Ernakulam
Student_382,Savitribai Phule Thiruvananthapuram,College of Engineering Baroda,Sri Surat
Student_383,National Institute of Technology Hubballi,University of Xavierabad,Netaji Subhas Noida
Student_384,International Tech University Dehradun,Savitribai Phule Bengaluru,Mahatma Mumbai
Student_385,National Institute of Technology Chennai,Savitribai Phule Noida,Jawaharlal Nehru Raipur
Student_386,Birla Institute of Technology Dehradun,Sardar Vallabhbhai Jaipur,Global College of Computing Dehradun
Student_387,Dr. Babasaheb Ambedkar Aaravpur,State University of Quilon,Shri Thane
Student_388,State University of Coimbatore,Mahatma Patna,National Institute of Technology Jabalpur
Student_389,Mahatma Bengaluru,Faculty of Technology Noida,Dr. Babasaheb Ambedkar Jodhpur
Student_390,State University of Jodhpur,Indian Institute of Technology Yamunanagar,Netaji Subhas Kolkata
Student_391,State University of Lucknow,Birla Institute of Technology Faridabad,State University of Surat
Student_392,Birla Institute of Technology Kozhikode,Global College of Computing Belagavi,Savitribai Phule Jaipur
Student_393,University of Ranchi,Savitribai Phule Kolkata,College of Engineering Ranchi
Student_394,Mahatma Chennai,Indian Institute of Information Technology Thrissur,International Tech University Varanasi
Student_395,National Institute of Technology Noida,Birla Institute of Technology Jodhpur,Shri Dehradun
Student_396,Sardar Vallabhbhai Jodhpur,Global College of Computing Thrissur,Indian Institute of Information Technology Xavierabad
Student_397,Indian Institute of Information Technology Chennai,University of Warangal,Xavier Institute of Technology Kolkata
Student_398,Mahatma Ernakulam,Global College of Computing Udaipur,International Tech University Chandipur
Student_399,Christ College of Engineering Warangal,School of Computer Science Thrissur,Christ College of Engineering Dehradun
Student_400,Netaji Subhas Hyderabad,Christ College of Engineering Visakhapatnam,Jawaharlal Nehru Faridabad
Student_401,University of Chennai,Netaji Subhas Madurai,Indian Institute of Technology Hubballi
Student_402,Indian Institute of Information Technology Jabalpur,Shri Mysuru,Shri Visakhapatnam
Student_403,National Institute of Technology Trichy,Sri Visakhapatnam,Faculty of Technology Quilon
Student_404,Mahatma Varanasi,National Institute of Technology Vijayawada,National Institute of Technology Trichy
Student_405,Global College of Computing Patna,Indian Institute of Information Technology Nagpur,School of Computer Science Kozhikode
Student_406,Faculty of Technology Amritsar,National Institute of Technology Jabalpur,College of Engineering Ernakulam
Student_407,Netaji Subhas Madurai,College of Engineering Trichy,Sri Jodhpur
Student_408,Birla Institute of Technology Chennai,Savitribai Phule Belagavi,Jawaharlal Nehru Udaipur
Student_409,Dr. Babasaheb Ambedkar Baroda,International Tech University Kozhikode,National Institute of Technology Chennai
Student_410,Xavier Institute of Technology Vijayawada,Indian Institute of Technology Vijayawada,International Tech University Mumbai
Student_411,Institute of Engineering & Technology Belagavi,Christ College of Engineering Bhopal,Indian Institute of Information Technology Surat
Student_412,Sardar Vallabhbhai Belagavi,Indian Institute of Technology Visakhapatnam,Indian Institute of Technology Aaravpur
Student_413,Sardar Vallabhbhai Surat,Dr. Babasaheb Ambedkar Kolkata,Indian Institute of Technology Varanasi
Student_414,University of Guwahati,Sri Aaravpur,Indian Institute of Information Technology Zirakpur
Student_415,University of Salem,National Institute of Technology Thiruvananthapuram,Xavier Institute of Technology Faridabad
Student_416,Xavier Institute of Technology Xavierabad,School of Computer Science Madurai,Sri Jodhpur
Student_417,Netaji Subhas Nagpur,Sri Varanasi,National Institute of Technology Noida
Student_418,National Institute of Technology Kolkata,Sardar Vallabhbhai Xavierabad,State University of Bhopal
Student_419,Indian Institute of Technology Guwahati,Savitribai Phule Indore,Xavier Institute of Technology Salem
Student_420,Jawaharlal Nehru Kochi,Dr. Babasaheb Ambedkar Salem,Savitribai Phule Raipur
Student_421,Netaji Subhas Hyderabad,National Institute of Technology Lucknow,Mahatma Quilon
Student_422,National Institute of Technology Noida,Indian Institute of Information Technology Baroda,Jawaharlal Nehru Chennai
Student_423,State University of Ongole,Shri Bengaluru,Indian Institute of Technology Salem
Student_424,Indian Institute of Information Technology Warangal,National Institute of Technology Chandipur,Shri Kolkata
Student_425,State University of Yamunanagar,Indian Institute of Information Technology Visakhapatnam,Indian Institute of Technology Gwalior
Student_426,State University of Hyderabad,Global College of Computing Udaipur,Mahatma Udaipur
Student_427,Christ College of Engineering Kolkata,Mahatma Hubballi,College of Engineering Coimbatore
Student_428,State University of Ranchi,Indian Institute of Information Technology Varanasi,School of Computer Science Hubballi
Student_429,Jawaharlal Nehru Amritsar,Indian Institute of Information Technology Indore,Faculty of Technology Ranchi
Student_430,Indian Institute of Technology Zirakpur,Christ College of Engineering Thrissur,Faculty of Technology Guwahati
Student_431,Dr. Babasaheb Ambedkar Warangal,Sri Kochi,School of Computer Science Jaipur
Student_432,Jawaharlal Nehru Thane,State University of Baroda,Birla Institute of Technology Indore
Student_433,Indian Institute of Information Technology Gwalior,Sardar Vallabhbhai Zirakpur,Indian Institute of Information Technology Jaipur
Student_434,Birla Institute of Technology Vijayawada,International Tech University Bhopal,College of Engineering Surat
Student_435,University of Xavierabad,Institute of Engineering & Technology Thiruvananthapuram,Birla Institute of Technology Mysuru
Student_436,Birla Institute of Technology Udaipur,School of Computer Science Ernakulam,Christ College of Engineering Quilon
Student_437,Institute of Engineering & Technology Raipur,Christ College of Engineering Thane,Indian Institute of Technology Thiruvananthapuram
Student_438,Jawaharlal Nehru Jodhpur,Institute of Engineering & Technology Yamunanagar,Global College of Computing Thiruvananthapuram
Student_439,Sardar Vallabhbhai Trichy,School of Computer Science Jaipur,Indian Institute of Technology Mysuru
Student_440,Sardar Vallabhbhai Zirakpur,School of Computer Science Chandipur,Indian Institute of Information Technology Dehradun
Student_441,Global College of Computing Madurai,University of Mysuru,University of Chennai
Student_442,Xavier Institute of Technology Xavierabad,University of Bengaluru,Birla Institute of Technology Nagpur
Student_443,International Tech University Patna,National Institute of Technology Bhopal,Global College of Computing Pune
Student_444,Sri Chandipur,National Institute of Technology Belagavi,Sardar Vallabhbhai Kozhikode
Student_445,State University of Kozhikode,Indian Institute of Technology Udaipur,State University of Quilon
Student_446,Faculty of Technology Kozhikode,University of Coimbatore,Christ College of Engineering Nagpur
Student_447,Xavier Institute of Technology Raipur,Indian Institute of Technology Kozhikode,Sardar Vallabhbhai Kochi
Student_448,National Institute of Technology Thrissur,Sardar Vallabhbhai Warangal,Birla Institute of Technology Baroda
Student_449,Xavier Institute of Technology Madurai,Faculty of Technology Baroda,University of Kochi
Student_450,Xavier Institute of Technology Raipur,Christ College of Engineering Patna,Christ College of Engineering Surat
Student_451,College of Engineering Indore,Indian Institute of Technology Patna,Savitribai Phule Hubballi
Student_452,International Tech University Hyderabad,Xavier Institute of Technology Lucknow,International Tech University Indore
Student_453,National Institute of Technology Mumbai,Faculty of Technology Patna,Birla Institute of Technology Jaipur
Student_454,Savitribai Phule Pune,Sardar Vallabhbhai Ernakulam,Christ College of Engineering Chandipur
Student_455,Faculty of Technology Gurugram,State University of Kochi,Xavier Institute of Technology Thiruvananthapuram
Student_456,Xavier Institute of Technology Belagavi,Mahatma Ernakulam,Shri Coimbatore
Student_457,Institute of Engineering & Technology Dehradun,Faculty of Technology Hyderabad,University of Jabalpur
Student_458,Indian Institute of Technology Jabalpur,Sardar Vallabhbhai Jodhpur,Indian Institute of Technology Guwahati
Student_459,Jawaharlal Nehru Kochi,Birla Institute of Technology Nagpur,Jawaharlal Nehru Nagpur
Student_460,Netaji Subhas Jodhpur,International Tech University Gwalior,Sri Thane
Student_461,State University of Kochi,College of Engineering Gurugram,Dr. Babasaheb Ambedkar Nagpur
Student_462,Faculty of Technology Quilon,Shri Kochi,Shri Mysuru
Student_463,Indian Institute of Information Technology Thiruvananthapuram,Xavier Institute of Technology Yamunanagar,Xavier Institute of Technology Jodhpur
Student_464,College of Engineering Noida,Indian Institute of Technology Lucknow,Dr. Babasaheb Ambedkar Gurugram
Student_465,School of Computer Science Xavierabad,Mahatma Bhopal,Jawaharlal Nehru Surat
Student_466,Netaji Subhas Lucknow,Shri Varanasi,Indian Institute of Information Technology Thrissur
Student_467,School of Computer Science Patna,University of Jabalpur,National Institute of Technology Guwahati
Student_468,Faculty of Technology Yamunanagar,Sri Zirakpur,Indian Institute of Information Technology Quilon
Student_469,Indian Institute of Technology Jaipur,Xavier Institute of Technology Dehradun,Savitribai Phule Patna
Student_470,University of Hubballi,National Institute of Technology Guwahati,Savitribai Phule Raipur
Student_471,Savitribai Phule Baroda,Faculty of Technology Kolkata,Jawaharlal Nehru Patna
Student_472,Global College of Computing Chandipur,Birla Institute of Technology Patna,Savitribai Phule Xavierabad
Student_473,School of Computer Science Faridabad,Institute of Engineering & Technology Trichy,Dr. Babasaheb Ambedkar Aaravpur
Student_474,Institute of Engineering & Technology Nagpur,Jawaharlal Nehru Noida,National Institute of Technology Faridabad
Student_475,Savitribai Phule Xavierabad,Xavier Institute of Technology Ongole,Global College of Computing Xavierabad
Student_476,Dr. Babasaheb Ambedkar Salem,Indian Institute of Information Technology Jodhpur,Indian Institute of Information Technology Pune
Student_477,Institute of Engineering & Technology Surat,Shri Indore,Shri Vijayawada
Student_478,School of Computer Science Pune,College of Engineering Hyderabad,State University of Kochi
Student_479,State University of Mumbai,School of Computer Science Dehradun,Jawaharlal Nehru Chennai
Student_480,Global College of Computing Xavierabad,Sri Gurugram,Xavier Institute of Technology Kozhikode
Student_481,Indian Institute of Technology Ranchi,Christ College of Engineering Jaipur,Sri Jodhpur
Student_482,International Tech University Noida,School of Computer Science Jaipur,Indian Institute of Information Technology Salem
Student_483,Savitribai Phule Bhopal,School of Computer Science Mumbai,Institute of Engineering & Technology Xavierabad
Student_484,Sardar Vallabhbhai Kolkata,Indian Institute of Technology Thane,University of Vijayawada
Student_485,Mahatma Kochi,Faculty of Technology Kolkata,College of Engineering Nagpur
Student_486,Shri Thrissur,Global College of Computing Mumbai,Indian Institute of Technology Indore
Student_487,Faculty of Technology Belagavi,Sardar Vallabhbhai Pune,Indian Institute of Technology Visakhapatnam
Student_488,Indian Institute of Technology Indore,Christ College of Engineering Surat,Xavier Institute of Technology Noida
Student_489,Faculty of Technology Lucknow,State University of Warangal,State University of Yamunanagar
Student_490,Global College of Computing Kolkata,Sardar Vallabhbhai Kolkata,Jawaharlal Nehru Gurugram
Student_491,Mahatma Bengaluru,Xavier Institute of Technology Dehradun,Sardar Vallabhbhai Dehradun
Student_492,Indian Institute of Information Technology Salem,Savitribai Phule Noida,National Institute of Technology Thane
Student_493,State University of Baroda,Indian Institute of Technology Salem,Savitribai Phule Gwalior
Student_494,Jawaharlal Nehru Jaipur,Xavier Institute of Technology Ranchi,Shri Chandipur
Student_495,Institute of Engineering & Technology Dehradun,Shri Jaipur,University of Lucknow
Student_496,Indian Institute of Information Technology Madurai,Indian Institute of Technology Thrissur,Indian Institute of Information Technology Raipur
Student_497,Shri Raipur,International Tech University Raipur,Xavier Institute of Technology Trichy
Student_498,School of Computer Science Kozhikode,Dr. Babasaheb Ambedkar Udaipur,Global College of Computing Indore
Student_499,Global College of Computing Indore,Dr. Babasaheb Ambedkar Thrissur,Jawaharlal Nehru Ongole
Student_500,Institute of Engineering & Technology Pune,National Institute of Technology Warangal,School of Computer Science Thiruvananthapuram
